id,keyword,location,text,target
1,,,Our Deeds are the Reason of this #earthquake May ALLAH Forgive us all,1
4,,,Forest fire near La Ronge Sask. Canada,1
5,,,All residents asked to 'shelter in place' are being notified by officers. No other evacuation or shelter in place orders are expected,1
6,,,"13,000 people receive #wildfires evacuation orders in California ",1
7,,,Just got sent this photo from Ruby #Alaska as smoke from #wildfires pours into a school ,1
8,,,#RockyFire Update => California Hwy. 20 closed in both directions due to Lake County fire - #CAfire #wildfires,1
10,,,"#flood #disaster Heavy rain causes flash flooding of streets in Manitou, Colorado Springs areas",1
13,,,I'm on top of the hill and I can see a fire in the woods...,1
14,,,There's an emergency evacuation happening now in the building across the street,1
